{
    "RS Vania": [
        -6.611237733730913,
        106.8075531697168
    ],
    "RS Melania": [
        -6.60953253218648,
        106.80094420712223
    ],
    "Mayapada Hospital Bogor": [
        -6.606463154588766,
        106.81090056635561
    ],
    "RS Ummi": [
        -6.6075543899931715,
        106.7944889563734
    ],
    "RS PMI Bogor": [
        -6.597379238075041,
        106.80576372047899
    ],
    "RS Azra Bogor": [
        -6.578053194557936,
        106.80760600108451
    ],
    "RS Salak": [
        -6.590644490283903,
        106.79714184148803
    ],
    "Siloam Hospitals Bogor": [
        -6.59474391301645,
        106.80473204153415
    ]
}